{
    "GZM_Circle025" : {
    	"subsurf" : true,
        "verts" : [[0.25, 0.5, 0], [0.231, 0.52, 0.096], [0.177, 0.5, 0.177], [0.096, 0.48, 0.231], [0, 0.5, 0.25], [-0.096, 0.52, 0.231], [-0.177, 0.5, 0.177], [-0.231, 0.48, 0.096], [-0.25, 0.5, 0], [-0.231, 0.52, -0.096], [-0.177, 0.5, -0.177], [-0.096, 0.48, -0.231], [0, 0.5, -0.25], [0.096, 0.52, -0.231], [0.177, 0.5, -0.177], [0.231, 0.48, -0.096], [0.0012574, 0.5004, 0.35092], [0.06814, 0.5004, 0.2822], [-0.065626, 0.5004, 0.2822]],
        "edges" : [[0, 1], [1, 2], [2, 3], [3, 4], [4, 5], [5, 6], [6, 7], [7, 8], [8, 9], [9, 10], [10, 11], [11, 12], [12, 13], [13, 14], [14, 15], [15, 0], [17, 18], [16, 17], [18, 16]]
    },
    "GZM_Jaw" : {
    	"subsurf" : true,
        "verts" : [[0.529, 0.764, -0.325], [0.666, 0.259, -0.067], [0.584, 0.677, 0.169], [0.023, 1.154, 0.097], [-0.615, 0.713, 0.203], [-0.697, 0.295, -0.033], [-0.482, 0.764, -0.325], [0.023, 1.048, -0.439]],
        "edges" : [[4, 5], [5, 6], [6, 7], [0, 7], [0, 1], [1, 2], [2, 3], [3, 4]]
    },
    "GZM_LoLid" : {
    	"subsurf" : true,
        "verts" : [[-0.5, 0.775, -0.093087], [-0.5, 0.925, -0.093087], [0.5, 0.925, -0.093087], [0.5, 0.775, -0.093087], [-0.5, 0.775, 0.0069127], [-0.5, 0.925, 0.0069127], [0.5, 0.925, 0.0069127], [0.5, 0.775, 0.0069127], [0, 0.925, 0.15691], [0, 0.925, 0.0069127], [0, 0.775, 0.15691], [0, 0.775, 0.0069127]],
        "edges" : [[0, 4], [4, 5], [5, 1], [1, 0], [8, 6], [6, 2], [9, 1], [6, 7], [7, 3], [3, 2], [10, 4], [11, 3], [8, 5], [9, 2], [10, 7], [11, 0], [8, 9], [10, 11], [9, 11], [8, 10]]
    },
    "GZM_Tongue" : {
    	"subsurf" : false,
        "verts" : [[0.50688, 1, -0.09504], [0.512, 0, -0.096], [-0.512, 0, -0.096], [-0.50688, 1, -0.09504], [0.50688, 1, 0.09504], [0.512, 0, 0.096], [-0.512, 0, 0.096], [-0.50688, 1, 0.09504]],
        "edges" : [[1, 2], [0, 1], [0, 3], [2, 3], [4, 5], [5, 6], [6, 7], [4, 7], [1, 5], [0, 4], [2, 6], [3, 7]]
    },
    "GZM_UpLid" : {
    	"subsurf" : true,
        "verts" : [[-0.5, 0.775, 0.099972], [-0.5, 0.925, 0.099972], [0.5, 0.925, 0.099972], [0.5, 0.775, 0.099972], [-0.5, 0.775, -2.8126e-05], [-0.5, 0.925, -2.8126e-05], [0.5, 0.925, -2.8126e-05], [0.5, 0.775, -2.8126e-05], [0, 0.925, -0.15003], [0, 0.925, -2.8126e-05], [0, 0.775, -0.15003], [0, 0.775, -2.8126e-05]],
        "edges" : [[0, 4], [4, 5], [5, 1], [1, 0], [8, 6], [6, 2], [9, 1], [6, 7], [7, 3], [3, 2], [10, 4], [11, 3], [8, 5], [9, 2], [10, 7], [11, 0], [8, 9], [10, 11], [9, 11], [8, 10]]
    }        
}
