{
    "name" : "Body",
    "poses" : {
        "UpperArmUpLeft1" : {
            "oris02" : [0.993819, -0.0954232, 0, 0.0152616],
            "oris01" : [0.973121, -0.200122, 0, 0],
            "special02" : [0.999808, 0.0162821, 0, 0.00510081]
        },
        "UpperArmUpLeft2" : {
            "oris02" : [0.998031, -0.0303908, 0, 0.00486058],
            "oris01" : [0.99144, -0.0637357, 0, 0],
            "special02" : [0.999939, 0.00518559, 0, 0.00162452]
        },
        "UpperArmForwardLeft" : {
            "clavicle.L" : [0.997738, 0.064105, -0.0148428, 0.013723],
            "shoulder.L" : [0.967635, 0.197957, -0.135043, 0.0791111],
            "upperarm01.L" : [0.938986, 0.0309487, -0.00296431, 0.342548]
        },
        "UpperArmBackwardLeft" : {
            "breast.L" : [0.998764, 0.0245782, 0.0423936, -0.00828044],
            "shoulder.L" : [0.851652, 0.411133, -0.280468, 0.164304],
            "clavicle.L" : [0.881045, 0.451431, -0.100537, 0.0993132],
            "upperarm01.L" : [0.647955, 0.379505, -0.326978, 0.573773],
            "scapula.L" : [0.97874, -0.102755, 0.122772, 0.128206]
        },
        "UpperArmDownLeft" : {
            "upperarm01.L" : [0.729447, 0.448182, 0.515501, -0.0360316],
            "shoulder.L" : [0.769605, 0.367242, 0.436093, -0.287514],
            "scapula.L" : [0.997501, 0.00852242, 0.0683936, -0.0155665]
        },
        "UpperArmRollOutLeft" : {
            "platysma06.L" : [0.999701, 0.00144576, -0.00482089, -0.0239102],
            "clavicle.L" : [0.984959, -0.0290826, 0.0294883, 0.16775],
            "shoulder.L" : [0.998212, -0.035738, -0.0309558, 0.0365844],
            "upperarm01.L" : [0.958127, -0.187613, -0.215793, 0.0150832],
            "scapula.L" : [0.955867, -0.0465069, -0.284638, -0.0560116]
        },
        "UpperArmRollInLeft" : {
            "clavicle.L" : [0.999795, -0.0193277, 0.00447512, -0.00413749],
            "shoulder.L" : [0.997702, -0.0531489, 0.0362573, -0.0212403],
            "upperarm02.L" : [0.996616, 0, 0.0821979, 0],
            "upperarm01.L" : [0.947015, -0.0289003, 0.00276813, -0.319875],
            "scapula.L" : [0.999431, 0.000840199, 0.00738186, 0.0328933]
        },
        "LowerArmBend1Left1" : {
            "upperarm01.L" : [0.885333, 0, -0.464958, 0],
            "upperarm02.L" : [0.979689, 0, -0.200521, 0]
        },
        "LowerArmBend1Left2" : {
            "upperarm01.L" : [0.913108, 0, 0.407718, 0],
            "shoulder.L" : [0.987157, 0.012105, -0.12407, -0.0999091],
            "upperarm02.L" : [0.975425, 0, 0.22033, 0]
        },
        "HandRollBackwardLeft" : {
            "lowerarm01.L" : [0.920753, 0.390145, 0, 0]
        },
        "HandRollForwardLeft" : {
            "collisionArm2.L" : [0.92388, 0.382683, 0, 0],
            "lowerarm01.L" : [0.650726, 0.759313, 0, 0],
            "collisionArm1.L" : [0.972431, -0.233193, 0, 0]
        },
        "HandBendInLeft" : {
            "lowerarm01.L" : [0.9984, 0, -0.0565401, 0],
            "lowerarm02.L" : [0.945467, 0, -0.325719, 0],
            "wrist.L" : [0.935947, 0, -0.35214, 0]
        },
        "HandBendOutLeft" : {
            "lowerarm02.L" : [0.962571, 0, 0.271031, 0],
            "wrist.L" : [0.997558, 0, 0.0698493, 0]
        },
        "HandBendUpLeft" : {
            "wrist.L" : [0.994594, 0, 0, 0.103837]
        },
        "HandDownLeft" : {
            "wrist.L" : [0.952065, 0, 0, -0.305895]
        },
        "HeadTurnRight" : {
            "finger1-1.L" : [0.944423, -0.0248032, 0.191755, -0.265858],
            "metacarpal3.L" : [0.944423, -0.326221, -0.0031767, 0.0404411],
            "metacarpal1.L" : [0.944423, -0.3098, 0.109585, -0.00900079],
            "metacarpal2.L" : [0.944423, -0.323262, -0.00760413, 0.0592431],
            "metacarpal4.L" : [0.944423, -0.301687, -0.125814, -0.0349488],
            "wrist.L" : [0.915757, -0.401732, 0, 0]
        },
        "HeadTurnLeft" : {
            "finger1-1.L" : [0.947299, -0.01027, -0.213115, 0.238959],
            "metacarpal3.L" : [0.947299, 0.313416, -0.043176, -0.0503102],
            "metacarpal1.L" : [0.947299, 0.283307, -0.149531, -0.00159921],
            "metacarpal2.L" : [0.947299, 0.310932, -0.0393875, -0.0662929],
            "metacarpal4.L" : [0.947299, 0.30959, 0.0783081, 0.0254287],
            "wrist.L" : [0.925158, 0.379583, 0, 0]
        },
        "HeadUp" : {
            "platysma06.L" : [0.992993, 0.077723, -0.00262087, 0.0889777],
            "head" : [0.965926, 0, -0.258772, 0.00490755],
            "platysma03.L" : [0.975128, -0.0499274, 0.0558725, 0.208591],
            "platysma06.R" : [0.964425, -0.157623, -0.0464591, 0.207076],
            "neck" : [0.965926, 0, -0.258342, -0.0157045],
            "platysma03.R" : [0.980994, -0.0753889, 0.00134468, 0.17879]
        },
        "HeadDown" : {
            "platysma06.L" : [0.960347, -0.111313, 0.0480782, -0.251062],
            "head" : [0.965926, 0, 0.258773, -0.00490751],
            "platysma03.L" : [0.949291, -0.0764506, -0.0124276, -0.304708],
            "platysma06.R" : [0.995623, 0.0824448, 0.00943334, -0.0430003],
            "neck" : [0.965926, 0, 0.258342, 0.0157045],
            "platysma03.R" : [0.98407, -0.0114549, -0.0265023, -0.175419]
        },
        "HeadLeft" : {
            "neck" : [0.998837, -0.0482187, 0, 0],
            "platysma03.L" : [0.998429, -0.0517989, 0.00312913, -0.0211402],
            "head" : [0.987835, -0.155505, 0, 0],
            "platysma03.R" : [0.998429, -0.0517989, -0.00312913, 0.0211402]
        },
        "HeadRight" : {
            "platysma06.L" : [0.990388, -0.123267, 0.0159311, -0.0606944],
            "head" : [0.994998, 0.0998957, 0, 0],
            "platysma03.L" : [0.993413, -0.105927, 0.00639895, -0.043231],
            "platysma06.R" : [0.990388, -0.123267, -0.0159312, 0.0606944],
            "neck" : [0.985316, 0.17074, 0, 0],
            "platysma03.R" : [0.993413, -0.105927, -0.00639895, 0.043231]
        },
        "TorsoDown" : {
            "platysma06.L" : [0.996922, -0.00463872, 0.0154679, 0.0767161],
            "head" : [0.991445, 0, -0.00247493, -0.130503],
            "platysma03.L" : [0.990579, -0.0485, 0.0330534, 0.12373],
            "platysma06.R" : [0.998727, 0.00298507, 0.00995374, 0.0493677],
            "neck" : [0.996195, 0, 0.0052884, -0.0869951],
            "platysma03.R" : [0.996463, 0.029761, 0.0202825, 0.0759241]
        },
        "TorsoUp" : {
            "platysma06.L" : [0.99776, 0.00395783, -0.0131974, -0.0654554],
            "head" : [0.991445, 0, 0.00247493, 0.130503],
            "platysma03.L" : [0.99765, 0.0242651, -0.016537, -0.0619034],
            "platysma06.R" : [0.996916, 0.00464357, 0.015484, 0.0767962],
            "neck" : [0.991445, 0, -0.00792001, 0.130286],
            "platysma03.R" : [0.998618, -0.018615, -0.0126864, -0.0474893]
        },
        "TorsoLeft" : {
            "breast.L" : [0.997223, -0.0652754, 0.0211156, -0.0276983],
            "breast.R" : [0.997259, -0.0652777, -0.0211164, 0.0276993],
            "spine4" : [0.999048, 0.0436194, 0, 0],
            "spine2" : [0.984808, 0.173648, 0, 0],
            "spine3" : [0.996195, 0.0871557, 0, 0],
            "spine1" : [0.991445, 0.130526, 0, 0]
        },
        "TorsoRight" : {
            "spine4" : [0.991445, -0.130526, 0, 0],
            "spine2" : [0.976296, -0.21644, 0, 0],
            "spine3" : [0.996195, -0.0871557, 0, 0],
            "spine1" : [0.991445, -0.130526, 0, 0]
        },
        "UpperLegDownLeft" : {
            "breast.L" : [0.998214, -0.0224798, 0.00225661, -0.0356759],
            "breast.R" : [0.996427, -0.0449597, -0.00451321, 0.0713518],
            "spine4" : [0.991445, 0, 0.129371, -0.0173307],
            "spine2" : [0.991445, 0, 0.128869, 0.020733],
            "spine3" : [0.991445, 0, 0.129344, 0.0175285],
            "spine1" : [0.991445, 0, 0.125219, -0.0368418]
        },